6e7dfe33c9600a83989dfd9bacdb5473f9980c07bc4fcb8fb0083bdd63d18c6a	file	.ai/hooks/agent-stop.md
66c8576c47f560a78b41d6a17782a08e891b79f7048577c29cbb5d5da6d7cc05	file	.ai/hooks/pre-commit.md
f9d6bdffe0571ac7aa6ad5800f9d0c8811560e256dcb32225ada7a919fd13c7f	file	.ai/hooks/scripts/validate-ai-setup.sh
935d04efd7e11bb25d292216d586547e9db972d70cb01dc3151c217f39dcbe19	file	.gitignore
76cc68a0907b30d5e610fef1282a2b0e80be954d5505cfc20883434829987ed9	file	.pi/delegate/01a02067-b881-78a7-ab4c-ccb27b53a1fa-20525/dadcba8aa59f08637dbd5e96b278b7a21/budget-plan.json
ed35982a0348fa1f741dfd9476219326e9edc440f15a7c035676a272b46650de	file	.pi/delegate/01a02067-b881-78a7-ab4c-ccb27b53a1fa-20525/dadcba8aa59f08637dbd5e96b278b7a21/child-prompt.txt
b1c6aae967fde7cf10319db000697f0b7ae5a2f5ac4ad57b657d45b20ecbfc97	file	.pi/delegate/01a02067-b881-78a7-ab4c-ccb27b53a1fa-20525/dadcba8aa59f08637dbd5e96b278b7a21/child-session/2026-08-20T18-29-29-227Z_delegate-25e06720bb499f7ee1683544ce8883ac.jsonl
f2d1c360edfad90b1efccac77e0fd9ad70f5b3bbe096f699c2bb11595b7f61bc	file	.pi/delegate/01a02067-b881-78a7-ab4c-ccb27b53a1fa-20525/dadcba8aa59f08637dbd5e96b278b7a21/context-omission-ledger.json
2824179e95ab255ac822898f90e3c2f88588f9eb5a91c46c979db0a92dcb327a	file	.pi/delegate/01a02067-b881-78a7-ab4c-ccb27b53a1fa-20525/dadcba8aa59f08637dbd5e96b278b7a21/manifest.json
120b46f7322ca3903590550e795acaf369893c600162686ad4ab4a02b83189d8	file	.pi/delegate/01a02067-b881-78a7-ab4c-ccb27b53a1fa-20525/dadcba8aa59f08637dbd5e96b278b7a21/result.json
d60a7d36ea3e4086b210db31c65d516966ae1b78c071bf9a502139a2a29fc3c9	file	.pi/delegate/01a02067-b881-78a7-ab4c-ccb27b53a1fa-20525/dadcba8aa59f08637dbd5e96b278b7a21/runtime-budget.json
e53bb326085b05cb781996426d4b2e1c141d02cb228092706306e50939d25fa0	file	.pi/delegate/01a02067-b881-78a7-ab4c-ccb27b53a1fa-20525/dadcba8aa59f08637dbd5e96b278b7a21/seed.json
eb13610816dbb2f790a6bb65ddf3680fc0a5ed051c46600483e75f836d3f99ab	file	.pi/delegate/01a02067-b881-78a7-ab4c-ccb27b53a1fa-20525/dadcba8aa59f08637dbd5e96b278b7a21/spill/t0002-c0000-call_vCofoLdvVskxJa0WKaxYXf75-fc_08e29e26210b711f016a8747a688048.bin
9a5277fe6fb16f0db6dc367589ce21af3566eec2e6b83f2643cea92880ead4b4	file	.pi/delegate/01a02067-b881-78a7-ab4c-ccb27b53a1fa-20525/dadcba8aa59f08637dbd5e96b278b7a21/spill/t0002-c0001-call_mrIr2m6MuW02gfX1tIZlYrV4-fc_08e29e26210b711f016a8747a687bc8.bin
2eea7fc03bbb9f3c29f32e0ea60b21b059d57a6bea0566131e243c282e582b11	file	.pi/delegate/01a02067-b881-78a7-ab4c-ccb27b53a1fa-20525/dadcba8aa59f08637dbd5e96b278b7a21/spill/t0002-c0002-call_JN8lN08GjB2Z8DgRcRmihqTv-fc_08e29e26210b711f016a8747a687cc8.bin
1888d4a35253298a765f8f4ef4c055f3e7de52375b119a4b64fa6ccf80240f15	file	.pi/delegate/01a02067-b881-78a7-ab4c-ccb27b53a1fa-20525/dadcba8aa59f08637dbd5e96b278b7a21/spill/t0002-c0003-call_TzkizHLyqpIABVzpVPSZD8MH-fc_08e29e26210b711f016a8747a687c48.bin
08f1d3bc9d57b32c3920b719253bb9dd7b3db13fc5bc145e26083726563cbe5f	file	.pi/delegate/01a02067-b881-78a7-ab4c-ccb27b53a1fa-20525/dadcba8aa59f08637dbd5e96b278b7a21/spill/t0002-c0004-call_oPNzJpw5cZjK6iYJHVEGKtLV-fc_08e29e26210b711f016a8747a687e08.bin
e2c3e7947fb2470c4e76df1752bec30958eb760239f89ab4ae755d2e59191d59	file	.pi/delegate/01a02067-b881-78a7-ab4c-ccb27b53a1fa-20525/dadcba8aa59f08637dbd5e96b278b7a21/spill/t0003-c0005-call_c557KYpCzI4VAHEn1yfm1u4G-fc_08e29e26210b711f016a8747b562a48.bin
1ab73131db878ba1f5b2a946cf9f6c4a6623c032240b77de5dfc767e886295b6	file	.pi/delegate/01a02067-b881-78a7-ab4c-ccb27b53a1fa-20525/dadcba8aa59f08637dbd5e96b278b7a21/spill/t0003-c0006-call_fqye0HN3hQ8lAzwVx2xqeVL9-fc_08e29e26210b711f016a8747b5627c8.bin
4642c86fe794327d4801a325ec51c945adc706b04ad13bd7115b363d42e1124e	file	.pi/delegate/01a02067-b881-78a7-ab4c-ccb27b53a1fa-20525/dadcba8aa59f08637dbd5e96b278b7a21/spill/t0003-c0007-call_UNmFG5WbgLmRGZMjH4ytg5EJ-fc_08e29e26210b711f016a8747b562948.bin
16d5020ef0c98a12bcfe70b3fe6924f11bdcbdbdb8cd8d5b34969d78084a6ec5	file	.pi/delegate/01a02067-b881-78a7-ab4c-ccb27b53a1fa-20525/dadcba8aa59f08637dbd5e96b278b7a21/spill/t0003-c0008-call_c48BTK1qUjWsuJiaxTP2VgLr-fc_08e29e26210b711f016a8747b562b48.bin
83124918971e69c963ff4f16f257cf536e12954097577057ca4c792541840036	file	.pi/delegate/01a02067-b881-78a7-ab4c-ccb27b53a1fa-20525/df506ace08e3fa79be6c93dd2377aba71/budget-plan.json
388712c8a5d808e5816ab85601fdcb88b98fdba19061b63c763bff261ca32796	file	.pi/delegate/01a02067-b881-78a7-ab4c-ccb27b53a1fa-20525/df506ace08e3fa79be6c93dd2377aba71/child-prompt.txt
07b30fd2ea7959d724fd4b31a9d56d30381b306dc627e3058e688a1c5c3707c8	file	.pi/delegate/01a02067-b881-78a7-ab4c-ccb27b53a1fa-20525/df506ace08e3fa79be6c93dd2377aba71/child-session/2026-08-20T18-29-29-207Z_delegate-225f87a26b2eba3ba435e2f2a256bab2.jsonl
f2d1c360edfad90b1efccac77e0fd9ad70f5b3bbe096f699c2bb11595b7f61bc	file	.pi/delegate/01a02067-b881-78a7-ab4c-ccb27b53a1fa-20525/df506ace08e3fa79be6c93dd2377aba71/context-omission-ledger.json
29ac1308f5b9f5ab36aa1043dedde782927e448a08f33eb426d4b390952edf2b	file	.pi/delegate/01a02067-b881-78a7-ab4c-ccb27b53a1fa-20525/df506ace08e3fa79be6c93dd2377aba71/manifest.json
ab0df9db07fe9848114a6ddba942a7dd0c72c78797b0644ea5d950cbe0969d69	file	.pi/delegate/01a02067-b881-78a7-ab4c-ccb27b53a1fa-20525/df506ace08e3fa79be6c93dd2377aba71/result.json
642d6ce72b5dd1b11081b9c1873339eabff523f31c26860273efe815d1ffdc7b	file	.pi/delegate/01a02067-b881-78a7-ab4c-ccb27b53a1fa-20525/df506ace08e3fa79be6c93dd2377aba71/runtime-budget.json
446f298c909f82f420834109181fa5761a4b7c2811594c04a30bd40d9a675d17	file	.pi/delegate/01a02067-b881-78a7-ab4c-ccb27b53a1fa-20525/df506ace08e3fa79be6c93dd2377aba71/seed.json
cbf7561dd15d6c389465777f80c42177960809af7418d13098c07f32e1dd0e58	file	.pi/delegate/01a02067-b881-78a7-ab4c-ccb27b53a1fa-20525/df506ace08e3fa79be6c93dd2377aba71/spill/t0003-c0000-call_WKJYapkFyqQEoNCXurmJbnND-fc_02e337cae3ee072f016a8747a03b008.bin
9747151e8bbebe4ff07f21fda62145ca3e847caf0fb4ab9548e4c264d31e4c81	file	.pi/delegate/01a02067-b881-78a7-ab4c-ccb27b53a1fa-20525/df506ace08e3fa79be6c93dd2377aba71/spill/t0003-c0001-call_GaR49wbCJe5k60knOhZNee00-fc_02e337cae3ee072f016a8747a03af48.bin
55c9e154a8c111113ff85c02cc9d819c5593e0fe3691cfb48ee79e85589dd609	file	.pi/delegate/01a02067-b881-78a7-ab4c-ccb27b53a1fa-20525/df506ace08e3fa79be6c93dd2377aba71/spill/t0004-c0002-call_1eTnHiUOnGW5oZ4QNGGYqSqA-fc_02e337cae3ee072f016a8747a85adc8.bin
e994b3816857f25152bc9d9a41a00f07b260ba3e838cf1457cf075bbbac14e45	file	.pi/delegate/01a02067-b881-78a7-ab4c-ccb27b53a1fa-20525/df506ace08e3fa79be6c93dd2377aba71/spill/t0004-c0003-call_He75Wck2lrm1St0rtxDaoVsc-fc_02e337cae3ee072f016a8747a85ae48.bin
ae8851d2f2d8ad0b331e931cfde3c1c176c17025b45bf84ff703eb6f723b1695	file	.pi/delegate/01a02067-b881-78a7-ab4c-ccb27b53a1fa-20525/df506ace08e3fa79be6c93dd2377aba71/spill/t0004-c0004-call_b05I1IVVFx3OpXUw5vswjKxI-fc_02e337cae3ee072f016a8747a85afc8.bin
d33a1521884aa5e0959d8614fc8808bd942056c0e36a2e48477de5165a96c4c3	file	.pi/delegate/01a02067-b881-78a7-ab4c-ccb27b53a1fa-20525/df506ace08e3fa79be6c93dd2377aba71/spill/t0004-c0005-call_xw9lbFyeOUHfs51sP46G5ZOK-fc_02e337cae3ee072f016a8747a85b088.bin
74d444ce532b78adb155ba086b2dc752894163da34da1e411a5cd1a97589762a	file	.pi/delegate/01a02067-b881-78a7-ab4c-ccb27b53a1fa-20525/df506ace08e3fa79be6c93dd2377aba71/spill/t0004-c0006-call_IZmFylPiOLJQG2qt1u8uC5e8-fc_02e337cae3ee072f016a8747a85aec8.bin
62e5f8c6a7f2cf2ea12970c53eb694d38e710142a2010661b89d6708268dadf8	file	.pi/delegate/01a02067-b881-78a7-ab4c-ccb27b53a1fa-20525/df506ace08e3fa79be6c93dd2377aba71/spill/t0004-c0007-call_pkYQxVFwaZ7eu1rahUKQzBYD-fc_02e337cae3ee072f016a8747a85b008.bin
a080e99af1c6dd7e0f7c18348f741acf6200ae1268c1fbe02f8a3dd717e6640d	file	.pi/fusion/01a02031-7466-752c-859e-fd43e2ef5ac7-20525/reason-658086d738c90e828d6231d940422ae2/blind-candidates.json
68fae192bc16e02097dcc63c779192cf5d551c597eea04d8e8086c7f68615b3f	file	.pi/fusion/01a02031-7466-752c-859e-fd43e2ef5ac7-20525/reason-658086d738c90e828d6231d940422ae2/budget-plan.json
386400cf3e87e5206b829347f3b610ac98318e9f0a8492848978b47fe27fd579	file	.pi/fusion/01a02031-7466-752c-859e-fd43e2ef5ac7-20525/reason-658086d738c90e828d6231d940422ae2/candidate-1.attempt-1.events.jsonl
8d5f3a3a330a0b39fde17a8c9d7221dfc0e0be9a2e01fff4e95bcde069d821a4	file	.pi/fusion/01a02031-7466-752c-859e-fd43e2ef5ac7-20525/reason-658086d738c90e828d6231d940422ae2/candidate-1.attempt-1.prompt.txt
224e2ebe7c4bc576f346557f9b00781ee473873129c17e5e32b16c169ccdbf9a	file	.pi/fusion/01a02031-7466-752c-859e-fd43e2ef5ac7-20525/reason-658086d738c90e828d6231d940422ae2/candidate-1.attempt-1.response.md
e3b0c44298fc1c149afbf4c8996fb92427ae41e4649b934ca495991b7852b855	file	.pi/fusion/01a02031-7466-752c-859e-fd43e2ef5ac7-20525/reason-658086d738c90e828d6231d940422ae2/candidate-1.attempt-1.stderr.txt
d1b005563ffd6803941e7c24e0cbfa858c4f11c14b99017189e85ef9e13175e2	file	.pi/fusion/01a02031-7466-752c-859e-fd43e2ef5ac7-20525/reason-658086d738c90e828d6231d940422ae2/candidate-1.attempt-1.system-prompt.txt
61aa09bb0b55bd02276ba9069c86ddf49263768f3038fe2985bc24ad716590b3	file	.pi/fusion/01a02031-7466-752c-859e-fd43e2ef5ac7-20525/reason-658086d738c90e828d6231d940422ae2/candidate-2.attempt-1.events.jsonl
8d5f3a3a330a0b39fde17a8c9d7221dfc0e0be9a2e01fff4e95bcde069d821a4	file	.pi/fusion/01a02031-7466-752c-859e-fd43e2ef5ac7-20525/reason-658086d738c90e828d6231d940422ae2/candidate-2.attempt-1.prompt.txt
39de18ddcef0a0c72cc9f962fbefc2958587b8631f6c40fc8611aa53324386bf	file	.pi/fusion/01a02031-7466-752c-859e-fd43e2ef5ac7-20525/reason-658086d738c90e828d6231d940422ae2/candidate-2.attempt-1.response.md
e3b0c44298fc1c149afbf4c8996fb92427ae41e4649b934ca495991b7852b855	file	.pi/fusion/01a02031-7466-752c-859e-fd43e2ef5ac7-20525/reason-658086d738c90e828d6231d940422ae2/candidate-2.attempt-1.stderr.txt
d1b005563ffd6803941e7c24e0cbfa858c4f11c14b99017189e85ef9e13175e2	file	.pi/fusion/01a02031-7466-752c-859e-fd43e2ef5ac7-20525/reason-658086d738c90e828d6231d940422ae2/candidate-2.attempt-1.system-prompt.txt
704dcdad0e827b35e49153e9938d504110bf90a5e709c108de6ef7a8ee3d825e	file	.pi/fusion/01a02031-7466-752c-859e-fd43e2ef5ac7-20525/reason-658086d738c90e828d6231d940422ae2/candidate-3.attempt-1.events.jsonl
8d5f3a3a330a0b39fde17a8c9d7221dfc0e0be9a2e01fff4e95bcde069d821a4	file	.pi/fusion/01a02031-7466-752c-859e-fd43e2ef5ac7-20525/reason-658086d738c90e828d6231d940422ae2/candidate-3.attempt-1.prompt.txt
143c986b2b614622a482be363a88bd97c04153d5417b74b04525ee891ae5d262	file	.pi/fusion/01a02031-7466-752c-859e-fd43e2ef5ac7-20525/reason-658086d738c90e828d6231d940422ae2/candidate-3.attempt-1.response.md
e3b0c44298fc1c149afbf4c8996fb92427ae41e4649b934ca495991b7852b855	file	.pi/fusion/01a02031-7466-752c-859e-fd43e2ef5ac7-20525/reason-658086d738c90e828d6231d940422ae2/candidate-3.attempt-1.stderr.txt
d1b005563ffd6803941e7c24e0cbfa858c4f11c14b99017189e85ef9e13175e2	file	.pi/fusion/01a02031-7466-752c-859e-fd43e2ef5ac7-20525/reason-658086d738c90e828d6231d940422ae2/candidate-3.attempt-1.system-prompt.txt
8d5f3a3a330a0b39fde17a8c9d7221dfc0e0be9a2e01fff4e95bcde069d821a4	file	.pi/fusion/01a02031-7466-752c-859e-fd43e2ef5ac7-20525/reason-658086d738c90e828d6231d940422ae2/canonical-input.json
606e8ede9cd7a827b8ee8f3dc31f76203b002278a8c77482c547c675f8a22cb6	file	.pi/fusion/01a02031-7466-752c-859e-fd43e2ef5ac7-20525/reason-658086d738c90e828d6231d940422ae2/context-omission-ledger.json
690f17e3a7a2a0194255c90e6bff084709cc417de7543fe8fcd0d1f64a8651c3	file	.pi/fusion/01a02031-7466-752c-859e-fd43e2ef5ac7-20525/reason-658086d738c90e828d6231d940422ae2/evaluation.attempt-1.events.jsonl
a080e99af1c6dd7e0f7c18348f741acf6200ae1268c1fbe02f8a3dd717e6640d	file	.pi/fusion/01a02031-7466-752c-859e-fd43e2ef5ac7-20525/reason-658086d738c90e828d6231d940422ae2/evaluation.attempt-1.prompt.txt
95df8cec2409762404d408c3aa1608d54ed3faf35f9f725d3b859eed54afa807	file	.pi/fusion/01a02031-7466-752c-859e-fd43e2ef5ac7-20525/reason-658086d738c90e828d6231d940422ae2/evaluation.attempt-1.response.txt
e3b0c44298fc1c149afbf4c8996fb92427ae41e4649b934ca495991b7852b855	file	.pi/fusion/01a02031-7466-752c-859e-fd43e2ef5ac7-20525/reason-658086d738c90e828d6231d940422ae2/evaluation.attempt-1.stderr.txt
a0316327a194effce5b0038914004e687c4c1c9d1af92adeca49b34c7c5c8e3c	file	.pi/fusion/01a02031-7466-752c-859e-fd43e2ef5ac7-20525/reason-658086d738c90e828d6231d940422ae2/evaluation.attempt-1.system-prompt.txt
3d98d15eb573acd18cddc4c4b598cc0161d16bf17d8d3bcc4fe17cb0ec3a22a5	file	.pi/fusion/01a02031-7466-752c-859e-fd43e2ef5ac7-20525/reason-658086d738c90e828d6231d940422ae2/evaluation.json
74c9a6982dcd5cd4f99521551e55ccddc2b70afe745f37c84c1d3ff5ce91a3e8	file	.pi/fusion/01a02031-7466-752c-859e-fd43e2ef5ac7-20525/reason-658086d738c90e828d6231d940422ae2/manifest.json
e8c9b9979fd06531f815ba2ed6724c516596e15975885915cf26afc412a86880	file	.pi/fusion/01a02031-7466-752c-859e-fd43e2ef5ac7-20525/reason-658086d738c90e828d6231d940422ae2/merge.attempt-1.events.jsonl
a99c714ebfc13371481742ee0578f36003ee49208c47e5bea05ae7767fd4fdc9	file	.pi/fusion/01a02031-7466-752c-859e-fd43e2ef5ac7-20525/reason-658086d738c90e828d6231d940422ae2/merge.attempt-1.prompt.txt
6dad3633a669ab189481c5d850ab939bd6059709f7bd34a5b7745c2c15b94b14	file	.pi/fusion/01a02031-7466-752c-859e-fd43e2ef5ac7-20525/reason-658086d738c90e828d6231d940422ae2/merge.attempt-1.response.md
e3b0c44298fc1c149afbf4c8996fb92427ae41e4649b934ca495991b7852b855	file	.pi/fusion/01a02031-7466-752c-859e-fd43e2ef5ac7-20525/reason-658086d738c90e828d6231d940422ae2/merge.attempt-1.stderr.txt
d3bb1e5c0488db0dd463bfe7dc17e24b1e8f15e40c1d7dab3fbfe91000e80337	file	.pi/fusion/01a02031-7466-752c-859e-fd43e2ef5ac7-20525/reason-658086d738c90e828d6231d940422ae2/merge.attempt-1.system-prompt.txt
6dad3633a669ab189481c5d850ab939bd6059709f7bd34a5b7745c2c15b94b14	file	.pi/fusion/01a02031-7466-752c-859e-fd43e2ef5ac7-20525/reason-658086d738c90e828d6231d940422ae2/merged.md
9aa4d40392ee222539377689d4d0aaf0a033de6b4a47e9f48a711e554ba210f0	file	.pi/fusion/01a02031-7466-752c-859e-fd43e2ef5ac7-20525/reason-658086d738c90e828d6231d940422ae2/result.json
1c2b0baf64009c3499e6cab507fb330e9aad19b9f461da4b60d4bbd7bbce16cb	file	.pi/fusion/01a0208d-8551-76ea-a6be-45d4375dea5f-3108/investigate-fabbd6de7cad29d6d5327a88a0a155ad/blind-candidates.json
1213129fe9f5abb31bb9af9efafd56bf351891a0b7ad62d815209168d9ee6c5e	file	.pi/fusion/01a0208d-8551-76ea-a6be-45d4375dea5f-3108/investigate-fabbd6de7cad29d6d5327a88a0a155ad/budget-plan.json
13e5b26165625b3de029e99f500135e6a25518498f58903b5552f9fd344b7ff5	file	.pi/fusion/01a0208d-8551-76ea-a6be-45d4375dea5f-3108/investigate-fabbd6de7cad29d6d5327a88a0a155ad/candidate-1.attempt-1.events.jsonl
35f3d3470b6cbd5feebb3a07bc84d8efac584547b7522e02f0e8ca7152cf646b	file	.pi/fusion/01a0208d-8551-76ea-a6be-45d4375dea5f-3108/investigate-fabbd6de7cad29d6d5327a88a0a155ad/candidate-1.attempt-1.prompt.txt
aed0837df85a842d691892c3da22803390294dba0df9e094c8a3de6ac33f7f5f	file	.pi/fusion/01a0208d-8551-76ea-a6be-45d4375dea5f-3108/investigate-fabbd6de7cad29d6d5327a88a0a155ad/candidate-1.attempt-1.response.md
e3b0c44298fc1c149afbf4c8996fb92427ae41e4649b934ca495991b7852b855	file	.pi/fusion/01a0208d-8551-76ea-a6be-45d4375dea5f-3108/investigate-fabbd6de7cad29d6d5327a88a0a155ad/candidate-1.attempt-1.stderr.txt
692b74caef97ebb5008d55cb57defcc262a1e40e2a97052aae5217a20f42f39d	file	.pi/fusion/01a0208d-8551-76ea-a6be-45d4375dea5f-3108/investigate-fabbd6de7cad29d6d5327a88a0a155ad/candidate-1.attempt-1.system-prompt.txt
3603d5c0aa444b7fcd1271811e7eb12c8af6409589e50af8d595402f6ba539dd	file	.pi/fusion/01a0208d-8551-76ea-a6be-45d4375dea5f-3108/investigate-fabbd6de7cad29d6d5327a88a0a155ad/candidate-1.attempt-1.tool-calls.jsonl
f447c445c4c16ef5f2eed2208e9c91b52735a1c6115104d05effc658bc4d25c9	file	.pi/fusion/01a0208d-8551-76ea-a6be-45d4375dea5f-3108/investigate-fabbd6de7cad29d6d5327a88a0a155ad/candidate-1.attempt-1.tool-calls.jsonl.seal.json
91d23d4a07c980634c0e77406f6e973be4948874f46d4d71cc1053fc39130369	file	.pi/fusion/01a0208d-8551-76ea-a6be-45d4375dea5f-3108/investigate-fabbd6de7cad29d6d5327a88a0a155ad/candidate-2.attempt-1.events.jsonl
35f3d3470b6cbd5feebb3a07bc84d8efac584547b7522e02f0e8ca7152cf646b	file	.pi/fusion/01a0208d-8551-76ea-a6be-45d4375dea5f-3108/investigate-fabbd6de7cad29d6d5327a88a0a155ad/candidate-2.attempt-1.prompt.txt
6c33f5dafe4cf5ce43b7be8de692ae6971e82e544c72c18ef33dc902d8eb750b	file	.pi/fusion/01a0208d-8551-76ea-a6be-45d4375dea5f-3108/investigate-fabbd6de7cad29d6d5327a88a0a155ad/candidate-2.attempt-1.response.md
e3b0c44298fc1c149afbf4c8996fb92427ae41e4649b934ca495991b7852b855	file	.pi/fusion/01a0208d-8551-76ea-a6be-45d4375dea5f-3108/investigate-fabbd6de7cad29d6d5327a88a0a155ad/candidate-2.attempt-1.stderr.txt
692b74caef97ebb5008d55cb57defcc262a1e40e2a97052aae5217a20f42f39d	file	.pi/fusion/01a0208d-8551-76ea-a6be-45d4375dea5f-3108/investigate-fabbd6de7cad29d6d5327a88a0a155ad/candidate-2.attempt-1.system-prompt.txt
418cdd115f8b4e1b9655037a514f3b3968422077c66da13b60347800c48e0c76	file	.pi/fusion/01a0208d-8551-76ea-a6be-45d4375dea5f-3108/investigate-fabbd6de7cad29d6d5327a88a0a155ad/candidate-2.attempt-1.tool-calls.jsonl
7937d64c45b2a4495b09dc6ebde4b0d2f97c7ddfaef71b5cfc59211abea2ccb1	file	.pi/fusion/01a0208d-8551-76ea-a6be-45d4375dea5f-3108/investigate-fabbd6de7cad29d6d5327a88a0a155ad/candidate-2.attempt-1.tool-calls.jsonl.seal.json
e4d290cfa2b3db5c16f2087b193adc534ebfe72c7d773134ab0e0f6809998752	file	.pi/fusion/01a0208d-8551-76ea-a6be-45d4375dea5f-3108/investigate-fabbd6de7cad29d6d5327a88a0a155ad/candidate-3.attempt-1.events.jsonl
35f3d3470b6cbd5feebb3a07bc84d8efac584547b7522e02f0e8ca7152cf646b	file	.pi/fusion/01a0208d-8551-76ea-a6be-45d4375dea5f-3108/investigate-fabbd6de7cad29d6d5327a88a0a155ad/candidate-3.attempt-1.prompt.txt
b54a75fbde0185e5adf6a2a89815dfd6ba80ade2a46148bdc31379323d03c5ff	file	.pi/fusion/01a0208d-8551-76ea-a6be-45d4375dea5f-3108/investigate-fabbd6de7cad29d6d5327a88a0a155ad/candidate-3.attempt-1.response.md
e3b0c44298fc1c149afbf4c8996fb92427ae41e4649b934ca495991b7852b855	file	.pi/fusion/01a0208d-8551-76ea-a6be-45d4375dea5f-3108/investigate-fabbd6de7cad29d6d5327a88a0a155ad/candidate-3.attempt-1.stderr.txt
692b74caef97ebb5008d55cb57defcc262a1e40e2a97052aae5217a20f42f39d	file	.pi/fusion/01a0208d-8551-76ea-a6be-45d4375dea5f-3108/investigate-fabbd6de7cad29d6d5327a88a0a155ad/candidate-3.attempt-1.system-prompt.txt
176936c7d26b5eff44e1a7cfeb524d9d01d897a6697964ad6640bafa887aced6	file	.pi/fusion/01a0208d-8551-76ea-a6be-45d4375dea5f-3108/investigate-fabbd6de7cad29d6d5327a88a0a155ad/candidate-3.attempt-1.tool-calls.jsonl
0065f15bbaa4c7e1fc19e423374e74170d5f40010c0a3ba63fc8151af74b4c22	file	.pi/fusion/01a0208d-8551-76ea-a6be-45d4375dea5f-3108/investigate-fabbd6de7cad29d6d5327a88a0a155ad/candidate-3.attempt-1.tool-calls.jsonl.seal.json
35f3d3470b6cbd5feebb3a07bc84d8efac584547b7522e02f0e8ca7152cf646b	file	.pi/fusion/01a0208d-8551-76ea-a6be-45d4375dea5f-3108/investigate-fabbd6de7cad29d6d5327a88a0a155ad/canonical-input.json
9d2373689686682d2179b5d0b97ffe282e0cccf15016977bbb2e1178abb33850	file	.pi/fusion/01a0208d-8551-76ea-a6be-45d4375dea5f-3108/investigate-fabbd6de7cad29d6d5327a88a0a155ad/evaluation.attempt-1.events.jsonl
1c2b0baf64009c3499e6cab507fb330e9aad19b9f461da4b60d4bbd7bbce16cb	file	.pi/fusion/01a0208d-8551-76ea-a6be-45d4375dea5f-3108/investigate-fabbd6de7cad29d6d5327a88a0a155ad/evaluation.attempt-1.prompt.txt
ec661937b9a7849930cd7510916b85ce844eca172cf8aeb3dc73d868e3a587ca	file	.pi/fusion/01a0208d-8551-76ea-a6be-45d4375dea5f-3108/investigate-fabbd6de7cad29d6d5327a88a0a155ad/evaluation.attempt-1.response.txt
e3b0c44298fc1c149afbf4c8996fb92427ae41e4649b934ca495991b7852b855	file	.pi/fusion/01a0208d-8551-76ea-a6be-45d4375dea5f-3108/investigate-fabbd6de7cad29d6d5327a88a0a155ad/evaluation.attempt-1.stderr.txt
a0316327a194effce5b0038914004e687c4c1c9d1af92adeca49b34c7c5c8e3c	file	.pi/fusion/01a0208d-8551-76ea-a6be-45d4375dea5f-3108/investigate-fabbd6de7cad29d6d5327a88a0a155ad/evaluation.attempt-1.system-prompt.txt
e5fbc960ba366930b30f69d1bd7bcdad2c822837110cae70c85a81a83e033867	file	.pi/fusion/01a0208d-8551-76ea-a6be-45d4375dea5f-3108/investigate-fabbd6de7cad29d6d5327a88a0a155ad/evaluation.json
2c30f0551a870425f9e3a7f511b25f1291977021789ea67844e95d4dea65873a	file	.pi/fusion/01a0208d-8551-76ea-a6be-45d4375dea5f-3108/investigate-fabbd6de7cad29d6d5327a88a0a155ad/manifest.json
64321f85d996f91b15a63068458e21ef5915fd483f55898afade432190c7b42b	file	.pi/fusion/01a0208d-8551-76ea-a6be-45d4375dea5f-3108/investigate-fabbd6de7cad29d6d5327a88a0a155ad/merge.attempt-1.events.jsonl
64baead753fdc725dbd7171063d5730b4f08b5ed970d836af283197242e1bf93	file	.pi/fusion/01a0208d-8551-76ea-a6be-45d4375dea5f-3108/investigate-fabbd6de7cad29d6d5327a88a0a155ad/merge.attempt-1.prompt.txt
b71b25b327c8900ee4459f80f6bcc5fe51bb2d1ae5cbcb44b52b422a04b56bd5	file	.pi/fusion/01a0208d-8551-76ea-a6be-45d4375dea5f-3108/investigate-fabbd6de7cad29d6d5327a88a0a155ad/merge.attempt-1.response.md
e3b0c44298fc1c149afbf4c8996fb92427ae41e4649b934ca495991b7852b855	file	.pi/fusion/01a0208d-8551-76ea-a6be-45d4375dea5f-3108/investigate-fabbd6de7cad29d6d5327a88a0a155ad/merge.attempt-1.stderr.txt
d3bb1e5c0488db0dd463bfe7dc17e24b1e8f15e40c1d7dab3fbfe91000e80337	file	.pi/fusion/01a0208d-8551-76ea-a6be-45d4375dea5f-3108/investigate-fabbd6de7cad29d6d5327a88a0a155ad/merge.attempt-1.system-prompt.txt
b71b25b327c8900ee4459f80f6bcc5fe51bb2d1ae5cbcb44b52b422a04b56bd5	file	.pi/fusion/01a0208d-8551-76ea-a6be-45d4375dea5f-3108/investigate-fabbd6de7cad29d6d5327a88a0a155ad/merged.md
3560663907409c007d73f09096c59b63f2e4ec3e0c0c12c20e53a94e8819280d	file	.pi/fusion/01a0208d-8551-76ea-a6be-45d4375dea5f-3108/investigate-fabbd6de7cad29d6d5327a88a0a155ad/result.json
2e120a95fbddf9b4b30204ec7f3908e7d3342a3d38ef1e87c8e91ea056ce5100	file	.pi/fusion/01a0208d-8551-76ea-a6be-45d4375dea5f-3108/reason-286129caafb6e3162a05c0920c6a6bf7/blind-candidates.json
08174cfe343c08ccd2b3ea8a42371fae460ddc59f79feb7b97161ff6b0a4085f	file	.pi/fusion/01a0208d-8551-76ea-a6be-45d4375dea5f-3108/reason-286129caafb6e3162a05c0920c6a6bf7/budget-plan.json
785f870922e064c21f9650bdc157dc95ff2ec765168dce0438a26786858a4f1a	file	.pi/fusion/01a0208d-8551-76ea-a6be-45d4375dea5f-3108/reason-286129caafb6e3162a05c0920c6a6bf7/candidate-1.attempt-1.events.jsonl
61b70fba844f13409f90d815f7e55775d9d47c8a08a0514cb7cb73018d8cd918	file	.pi/fusion/01a0208d-8551-76ea-a6be-45d4375dea5f-3108/reason-286129caafb6e3162a05c0920c6a6bf7/candidate-1.attempt-1.prompt.txt
5f4c940e4c9536f927021016622d87ea581a67d2dcca88b0e841d2a6bbb26859	file	.pi/fusion/01a0208d-8551-76ea-a6be-45d4375dea5f-3108/reason-286129caafb6e3162a05c0920c6a6bf7/candidate-1.attempt-1.response.md
e3b0c44298fc1c149afbf4c8996fb92427ae41e4649b934ca495991b7852b855	file	.pi/fusion/01a0208d-8551-76ea-a6be-45d4375dea5f-3108/reason-286129caafb6e3162a05c0920c6a6bf7/candidate-1.attempt-1.stderr.txt
d1b005563ffd6803941e7c24e0cbfa858c4f11c14b99017189e85ef9e13175e2	file	.pi/fusion/01a0208d-8551-76ea-a6be-45d4375dea5f-3108/reason-286129caafb6e3162a05c0920c6a6bf7/candidate-1.attempt-1.system-prompt.txt
63659cf21e73cdb0ef57f6d5300e103ba45a2a737693ab09d6fae80244941bc3	file	.pi/fusion/01a0208d-8551-76ea-a6be-45d4375dea5f-3108/reason-286129caafb6e3162a05c0920c6a6bf7/candidate-2.attempt-1.events.jsonl
61b70fba844f13409f90d815f7e55775d9d47c8a08a0514cb7cb73018d8cd918	file	.pi/fusion/01a0208d-8551-76ea-a6be-45d4375dea5f-3108/reason-286129caafb6e3162a05c0920c6a6bf7/candidate-2.attempt-1.prompt.txt
556293e0d78e44274898600e29096f172b0e71efade5aaad368e2d11e37bc353	file	.pi/fusion/01a0208d-8551-76ea-a6be-45d4375dea5f-3108/reason-286129caafb6e3162a05c0920c6a6bf7/candidate-2.attempt-1.response.md
e3b0c44298fc1c149afbf4c8996fb92427ae41e4649b934ca495991b7852b855	file	.pi/fusion/01a0208d-8551-76ea-a6be-45d4375dea5f-3108/reason-286129caafb6e3162a05c0920c6a6bf7/candidate-2.attempt-1.stderr.txt
d1b005563ffd6803941e7c24e0cbfa858c4f11c14b99017189e85ef9e13175e2	file	.pi/fusion/01a0208d-8551-76ea-a6be-45d4375dea5f-3108/reason-286129caafb6e3162a05c0920c6a6bf7/candidate-2.attempt-1.system-prompt.txt
53aeca6790002db65231510fc51cc2545ae580a1d2a24953ef2f6573f302ce45	file	.pi/fusion/01a0208d-8551-76ea-a6be-45d4375dea5f-3108/reason-286129caafb6e3162a05c0920c6a6bf7/candidate-3.attempt-1.events.jsonl
61b70fba844f13409f90d815f7e55775d9d47c8a08a0514cb7cb73018d8cd918	file	.pi/fusion/01a0208d-8551-76ea-a6be-45d4375dea5f-3108/reason-286129caafb6e3162a05c0920c6a6bf7/candidate-3.attempt-1.prompt.txt
1076de2e2af3b4664b82bf4830c788195435401a0fd146282badb6cb5e6af3c8	file	.pi/fusion/01a0208d-8551-76ea-a6be-45d4375dea5f-3108/reason-286129caafb6e3162a05c0920c6a6bf7/candidate-3.attempt-1.response.md
e3b0c44298fc1c149afbf4c8996fb92427ae41e4649b934ca495991b7852b855	file	.pi/fusion/01a0208d-8551-76ea-a6be-45d4375dea5f-3108/reason-286129caafb6e3162a05c0920c6a6bf7/candidate-3.attempt-1.stderr.txt
d1b005563ffd6803941e7c24e0cbfa858c4f11c14b99017189e85ef9e13175e2	file	.pi/fusion/01a0208d-8551-76ea-a6be-45d4375dea5f-3108/reason-286129caafb6e3162a05c0920c6a6bf7/candidate-3.attempt-1.system-prompt.txt
61b70fba844f13409f90d815f7e55775d9d47c8a08a0514cb7cb73018d8cd918	file	.pi/fusion/01a0208d-8551-76ea-a6be-45d4375dea5f-3108/reason-286129caafb6e3162a05c0920c6a6bf7/canonical-input.json
96d526a9c55739ace30b55d5cdde4fb7cebcc8fc022465f45c4c2f1bddd1c6b3	file	.pi/fusion/01a0208d-8551-76ea-a6be-45d4375dea5f-3108/reason-286129caafb6e3162a05c0920c6a6bf7/context-omission-ledger.json
f588fc9015faf3ae1f0d5719328c9cfe361e89ccad695baf4feee90de016c964	file	.pi/fusion/01a0208d-8551-76ea-a6be-45d4375dea5f-3108/reason-286129caafb6e3162a05c0920c6a6bf7/evaluation.attempt-1.events.jsonl
2e120a95fbddf9b4b30204ec7f3908e7d3342a3d38ef1e87c8e91ea056ce5100	file	.pi/fusion/01a0208d-8551-76ea-a6be-45d4375dea5f-3108/reason-286129caafb6e3162a05c0920c6a6bf7/evaluation.attempt-1.prompt.txt
298864eefd287aee7f6e236e64715616119887afcb7e673e15b2e51008076394	file	.pi/fusion/01a0208d-8551-76ea-a6be-45d4375dea5f-3108/reason-286129caafb6e3162a05c0920c6a6bf7/evaluation.attempt-1.response.txt
e3b0c44298fc1c149afbf4c8996fb92427ae41e4649b934ca495991b7852b855	file	.pi/fusion/01a0208d-8551-76ea-a6be-45d4375dea5f-3108/reason-286129caafb6e3162a05c0920c6a6bf7/evaluation.attempt-1.stderr.txt
a0316327a194effce5b0038914004e687c4c1c9d1af92adeca49b34c7c5c8e3c	file	.pi/fusion/01a0208d-8551-76ea-a6be-45d4375dea5f-3108/reason-286129caafb6e3162a05c0920c6a6bf7/evaluation.attempt-1.system-prompt.txt
c4d6fd620fb0c99ea4f2e8d2ea8083e26ad732037e9f1bf3a6255a1e885b3ab4	file	.pi/fusion/01a0208d-8551-76ea-a6be-45d4375dea5f-3108/reason-286129caafb6e3162a05c0920c6a6bf7/evaluation.json
b57829b66c22c1e6d36da54d8e8fc4fcd2a9e5adec4092e475ba39c217de62f2	file	.pi/fusion/01a0208d-8551-76ea-a6be-45d4375dea5f-3108/reason-286129caafb6e3162a05c0920c6a6bf7/manifest.json
3fb0e7a17d955250391b944a427132f9720f5a15ff0184944537cd086ed20836	file	.pi/fusion/01a0208d-8551-76ea-a6be-45d4375dea5f-3108/reason-286129caafb6e3162a05c0920c6a6bf7/merge.attempt-1.events.jsonl
42aaaa5168034706899bb5c82f155232d2f288cf7dff86b459e5b8c9c28ec6d2	file	.pi/fusion/01a0208d-8551-76ea-a6be-45d4375dea5f-3108/reason-286129caafb6e3162a05c0920c6a6bf7/merge.attempt-1.prompt.txt
dca12c31acdf14961fa4487827c276a1fdf9f03ed4b81012ad0ad23bd71bdfdc	file	.pi/fusion/01a0208d-8551-76ea-a6be-45d4375dea5f-3108/reason-286129caafb6e3162a05c0920c6a6bf7/merge.attempt-1.response.md
e3b0c44298fc1c149afbf4c8996fb92427ae41e4649b934ca495991b7852b855	file	.pi/fusion/01a0208d-8551-76ea-a6be-45d4375dea5f-3108/reason-286129caafb6e3162a05c0920c6a6bf7/merge.attempt-1.stderr.txt
d3bb1e5c0488db0dd463bfe7dc17e24b1e8f15e40c1d7dab3fbfe91000e80337	file	.pi/fusion/01a0208d-8551-76ea-a6be-45d4375dea5f-3108/reason-286129caafb6e3162a05c0920c6a6bf7/merge.attempt-1.system-prompt.txt
dca12c31acdf14961fa4487827c276a1fdf9f03ed4b81012ad0ad23bd71bdfdc	file	.pi/fusion/01a0208d-8551-76ea-a6be-45d4375dea5f-3108/reason-286129caafb6e3162a05c0920c6a6bf7/merged.md
0cabd770e06e7ef74c59cb13c795ecbae6c542b8d55404b2eac7ebc7cf4abb2c	file	.pi/fusion/01a0208d-8551-76ea-a6be-45d4375dea5f-3108/reason-286129caafb6e3162a05c0920c6a6bf7/result.json
29f2c9327828f9e997215d720b3f66fc6f24c9b9babdf0f70cd5b35bc4c8f2b9	file	.pi/fusion/01a0208d-8551-76ea-a6be-45d4375dea5f-3108/research-dc9841a9c411a840042f34e9d4290d19/blind-candidates.json
08ddfc4d2af59ddac20c76e13553faa13df2c33e9b957de03158459bd04bc323	file	.pi/fusion/01a0208d-8551-76ea-a6be-45d4375dea5f-3108/research-dc9841a9c411a840042f34e9d4290d19/budget-plan.json
94532511dd1b9de31d36725586f1426899ae51f6dcfcf5641272a6a6b7735fc4	file	.pi/fusion/01a0208d-8551-76ea-a6be-45d4375dea5f-3108/research-dc9841a9c411a840042f34e9d4290d19/candidate-1.attempt-1.events.jsonl
b1b41fee92a6ccd70d8cbdbc1de2ce325bc2ff5bd09241c60ad0c085cf394129	file	.pi/fusion/01a0208d-8551-76ea-a6be-45d4375dea5f-3108/research-dc9841a9c411a840042f34e9d4290d19/candidate-1.attempt-1.prompt.txt
bd80d789f543f1e477ff4d10f963f8070254e623555f465fb02d6d6cd14dca7d	file	.pi/fusion/01a0208d-8551-76ea-a6be-45d4375dea5f-3108/research-dc9841a9c411a840042f34e9d4290d19/candidate-1.attempt-1.response.md
e3b0c44298fc1c149afbf4c8996fb92427ae41e4649b934ca495991b7852b855	file	.pi/fusion/01a0208d-8551-76ea-a6be-45d4375dea5f-3108/research-dc9841a9c411a840042f34e9d4290d19/candidate-1.attempt-1.stderr.txt
202103ef0ccb14c136573a0d43b23cda4bde50f872cb89aaeb5f9448ea3afc7c	file	.pi/fusion/01a0208d-8551-76ea-a6be-45d4375dea5f-3108/research-dc9841a9c411a840042f34e9d4290d19/candidate-1.attempt-1.system-prompt.txt
855bcec86cc7dd07da581deec73c96f6faa6111cf1e016f558fe65f8df9482c6	file	.pi/fusion/01a0208d-8551-76ea-a6be-45d4375dea5f-3108/research-dc9841a9c411a840042f34e9d4290d19/candidate-1.attempt-1.tool-calls.jsonl
7325e126119127938e06ecdf842ebe5c0b8c85288b7536ed055901056d1c62e3	file	.pi/fusion/01a0208d-8551-76ea-a6be-45d4375dea5f-3108/research-dc9841a9c411a840042f34e9d4290d19/candidate-1.attempt-1.tool-calls.jsonl.seal.json
8e4f4a9d49ab874870e73bde21b11192b127a2df4211278edd7e973a75f392d3	file	.pi/fusion/01a0208d-8551-76ea-a6be-45d4375dea5f-3108/research-dc9841a9c411a840042f34e9d4290d19/candidate-2.attempt-1.events.jsonl
b1b41fee92a6ccd70d8cbdbc1de2ce325bc2ff5bd09241c60ad0c085cf394129	file	.pi/fusion/01a0208d-8551-76ea-a6be-45d4375dea5f-3108/research-dc9841a9c411a840042f34e9d4290d19/candidate-2.attempt-1.prompt.txt
0a488e5438d01a15f7ccbf066ebfbcd8ad4631df68bce6f35700683523f238eb	file	.pi/fusion/01a0208d-8551-76ea-a6be-45d4375dea5f-3108/research-dc9841a9c411a840042f34e9d4290d19/candidate-2.attempt-1.response.md
e3b0c44298fc1c149afbf4c8996fb92427ae41e4649b934ca495991b7852b855	file	.pi/fusion/01a0208d-8551-76ea-a6be-45d4375dea5f-3108/research-dc9841a9c411a840042f34e9d4290d19/candidate-2.attempt-1.stderr.txt
202103ef0ccb14c136573a0d43b23cda4bde50f872cb89aaeb5f9448ea3afc7c	file	.pi/fusion/01a0208d-8551-76ea-a6be-45d4375dea5f-3108/research-dc9841a9c411a840042f34e9d4290d19/candidate-2.attempt-1.system-prompt.txt
20d1533162f5ad98bc71486c32946249a42281d96b117172f0fbf2f0fe90cd0b	file	.pi/fusion/01a0208d-8551-76ea-a6be-45d4375dea5f-3108/research-dc9841a9c411a840042f34e9d4290d19/candidate-2.attempt-1.tool-calls.jsonl
912f2a0394a8054178a5cdee24a1ea9bbfb851561bd8a03571392c81d00b19d9	file	.pi/fusion/01a0208d-8551-76ea-a6be-45d4375dea5f-3108/research-dc9841a9c411a840042f34e9d4290d19/candidate-2.attempt-1.tool-calls.jsonl.seal.json
047be6384b58787cb7240f7dc480dbe510cc2000056ac6e0f15608af45302bf9	file	.pi/fusion/01a0208d-8551-76ea-a6be-45d4375dea5f-3108/research-dc9841a9c411a840042f34e9d4290d19/candidate-3.attempt-1.events.jsonl
b1b41fee92a6ccd70d8cbdbc1de2ce325bc2ff5bd09241c60ad0c085cf394129	file	.pi/fusion/01a0208d-8551-76ea-a6be-45d4375dea5f-3108/research-dc9841a9c411a840042f34e9d4290d19/candidate-3.attempt-1.prompt.txt
7f381b97f42f69dc6546a56152b68003b39d8329d4d27787fe04f4d5e790a909	file	.pi/fusion/01a0208d-8551-76ea-a6be-45d4375dea5f-3108/research-dc9841a9c411a840042f34e9d4290d19/candidate-3.attempt-1.response.md
e3b0c44298fc1c149afbf4c8996fb92427ae41e4649b934ca495991b7852b855	file	.pi/fusion/01a0208d-8551-76ea-a6be-45d4375dea5f-3108/research-dc9841a9c411a840042f34e9d4290d19/candidate-3.attempt-1.stderr.txt
202103ef0ccb14c136573a0d43b23cda4bde50f872cb89aaeb5f9448ea3afc7c	file	.pi/fusion/01a0208d-8551-76ea-a6be-45d4375dea5f-3108/research-dc9841a9c411a840042f34e9d4290d19/candidate-3.attempt-1.system-prompt.txt
b85c05e6f990b29c18ba7914b69db32ef9ad9e363b7a8ad4a366b1295e318b43	file	.pi/fusion/01a0208d-8551-76ea-a6be-45d4375dea5f-3108/research-dc9841a9c411a840042f34e9d4290d19/candidate-3.attempt-1.tool-calls.jsonl
f01734611488c316a9c80e6b85cb6c24cddcf7d46f5b1fc5e613e4c218855011	file	.pi/fusion/01a0208d-8551-76ea-a6be-45d4375dea5f-3108/research-dc9841a9c411a840042f34e9d4290d19/candidate-3.attempt-1.tool-calls.jsonl.seal.json
b1b41fee92a6ccd70d8cbdbc1de2ce325bc2ff5bd09241c60ad0c085cf394129	file	.pi/fusion/01a0208d-8551-76ea-a6be-45d4375dea5f-3108/research-dc9841a9c411a840042f34e9d4290d19/canonical-input.json
b6c055e3b2bb9dcbb9dc8f81c500b137b130a00d7847090f9276249e25ce7a8c	file	.pi/fusion/01a0208d-8551-76ea-a6be-45d4375dea5f-3108/research-dc9841a9c411a840042f34e9d4290d19/evaluation.attempt-1.events.jsonl
29f2c9327828f9e997215d720b3f66fc6f24c9b9babdf0f70cd5b35bc4c8f2b9	file	.pi/fusion/01a0208d-8551-76ea-a6be-45d4375dea5f-3108/research-dc9841a9c411a840042f34e9d4290d19/evaluation.attempt-1.prompt.txt
2dd9b3f325332b0fd5412c0602f15fd138ca8c54e5c725fe2f25f0a3fd88e9e6	file	.pi/fusion/01a0208d-8551-76ea-a6be-45d4375dea5f-3108/research-dc9841a9c411a840042f34e9d4290d19/evaluation.attempt-1.response.txt
e3b0c44298fc1c149afbf4c8996fb92427ae41e4649b934ca495991b7852b855	file	.pi/fusion/01a0208d-8551-76ea-a6be-45d4375dea5f-3108/research-dc9841a9c411a840042f34e9d4290d19/evaluation.attempt-1.stderr.txt
a0316327a194effce5b0038914004e687c4c1c9d1af92adeca49b34c7c5c8e3c	file	.pi/fusion/01a0208d-8551-76ea-a6be-45d4375dea5f-3108/research-dc9841a9c411a840042f34e9d4290d19/evaluation.attempt-1.system-prompt.txt
d180991c49757ce5e2119d0eb27d19c9012cfcaf1f53f24f8634728dcf08701f	file	.pi/fusion/01a0208d-8551-76ea-a6be-45d4375dea5f-3108/research-dc9841a9c411a840042f34e9d4290d19/evaluation.json
091b7c3b51223c45139df3be352dcb7a95ef891c9b10e2475636dc9262e6d9b7	file	.pi/fusion/01a0208d-8551-76ea-a6be-45d4375dea5f-3108/research-dc9841a9c411a840042f34e9d4290d19/manifest.json
a65e8a66f679b43e2e54eadf0011e50fdcd0c391de6bf6266aef0b2d66da1b64	file	.pi/fusion/01a0208d-8551-76ea-a6be-45d4375dea5f-3108/research-dc9841a9c411a840042f34e9d4290d19/merge.attempt-1.events.jsonl
6951dd9881b68cae5a3517a49a72dcfd43faad0143c4b63bb203076ef035deac	file	.pi/fusion/01a0208d-8551-76ea-a6be-45d4375dea5f-3108/research-dc9841a9c411a840042f34e9d4290d19/merge.attempt-1.prompt.txt
afc7bb41011c981cfe5f98d7f1f9548765027979d4ba7b4f44753e8396c89fb2	file	.pi/fusion/01a0208d-8551-76ea-a6be-45d4375dea5f-3108/research-dc9841a9c411a840042f34e9d4290d19/merge.attempt-1.response.md
e3b0c44298fc1c149afbf4c8996fb92427ae41e4649b934ca495991b7852b855	file	.pi/fusion/01a0208d-8551-76ea-a6be-45d4375dea5f-3108/research-dc9841a9c411a840042f34e9d4290d19/merge.attempt-1.stderr.txt
d3bb1e5c0488db0dd463bfe7dc17e24b1e8f15e40c1d7dab3fbfe91000e80337	file	.pi/fusion/01a0208d-8551-76ea-a6be-45d4375dea5f-3108/research-dc9841a9c411a840042f34e9d4290d19/merge.attempt-1.system-prompt.txt
afc7bb41011c981cfe5f98d7f1f9548765027979d4ba7b4f44753e8396c89fb2	file	.pi/fusion/01a0208d-8551-76ea-a6be-45d4375dea5f-3108/research-dc9841a9c411a840042f34e9d4290d19/merged.md
af71316aed94239a3bd18e63b09f701016db4e9ea2d56a93f5b995bd2bc0bfac	file	.pi/fusion/01a0208d-8551-76ea-a6be-45d4375dea5f-3108/research-dc9841a9c411a840042f34e9d4290d19/result.json
8a9532234a9083c99a41f6cbf1fe6dd2c5395e77e3299c3445934f18401b2dfa	file	.pi/fusion/01a0208d-8551-76ea-a6be-45d4375dea5f-3108/research-dc9841a9c411a840042f34e9d4290d19/source-policy.private.json
d136477cfdfd1090fb3a46b775dcb9d16202ca6b2ef64edbebff1fae1af767cf	file	.pi/fusion/01a0213c-16f9-72ea-be18-387eba0b0bb8-3108/investigate-1ed6191b089e9d327d16d5d4a654f773/blind-candidates.json
70ff2a6d0a4024c27a02f131cd118f348ad505860294f1e744121c3beb3491a8	file	.pi/fusion/01a0213c-16f9-72ea-be18-387eba0b0bb8-3108/investigate-1ed6191b089e9d327d16d5d4a654f773/budget-plan.json
e70a7c56566da24ee8d3d0fc86a700e72b32dd944e5128b964147fd0e0d5e77d	file	.pi/fusion/01a0213c-16f9-72ea-be18-387eba0b0bb8-3108/investigate-1ed6191b089e9d327d16d5d4a654f773/candidate-1.attempt-1.events.jsonl
f0d205bdd7415e08519d9fd5060e14a5be1382a657f881a2eb51d56e868c79ab	file	.pi/fusion/01a0213c-16f9-72ea-be18-387eba0b0bb8-3108/investigate-1ed6191b089e9d327d16d5d4a654f773/candidate-1.attempt-1.prompt.txt
0d8026a19bf85d8bdf09bd81e92225b4bca48dbac54a30184d976342b4346644	file	.pi/fusion/01a0213c-16f9-72ea-be18-387eba0b0bb8-3108/investigate-1ed6191b089e9d327d16d5d4a654f773/candidate-1.attempt-1.response.md
e3b0c44298fc1c149afbf4c8996fb92427ae41e4649b934ca495991b7852b855	file	.pi/fusion/01a0213c-16f9-72ea-be18-387eba0b0bb8-3108/investigate-1ed6191b089e9d327d16d5d4a654f773/candidate-1.attempt-1.stderr.txt
692b74caef97ebb5008d55cb57defcc262a1e40e2a97052aae5217a20f42f39d	file	.pi/fusion/01a0213c-16f9-72ea-be18-387eba0b0bb8-3108/investigate-1ed6191b089e9d327d16d5d4a654f773/candidate-1.attempt-1.system-prompt.txt
f57467fb3b32ecd08b8799a851c563ab24dc59438cd9edbf776cad818da0bf0a	file	.pi/fusion/01a0213c-16f9-72ea-be18-387eba0b0bb8-3108/investigate-1ed6191b089e9d327d16d5d4a654f773/candidate-1.attempt-1.tool-calls.jsonl
d4538a07d553cd1c891e8c3768dfc2922be8ce4feb581354a70b1287bfc5f26e	file	.pi/fusion/01a0213c-16f9-72ea-be18-387eba0b0bb8-3108/investigate-1ed6191b089e9d327d16d5d4a654f773/candidate-1.attempt-1.tool-calls.jsonl.seal.json
d79b0fe1b74b32d5798e900a479354e3a4d74c19737211c2a0885a9c38021663	file	.pi/fusion/01a0213c-16f9-72ea-be18-387eba0b0bb8-3108/investigate-1ed6191b089e9d327d16d5d4a654f773/candidate-2.attempt-1.events.jsonl
f0d205bdd7415e08519d9fd5060e14a5be1382a657f881a2eb51d56e868c79ab	file	.pi/fusion/01a0213c-16f9-72ea-be18-387eba0b0bb8-3108/investigate-1ed6191b089e9d327d16d5d4a654f773/candidate-2.attempt-1.prompt.txt
9d9ad4c5e8abb5a8b10977fb1c67df7d6dedb887faa3a2a059d9372a5e68bce0	file	.pi/fusion/01a0213c-16f9-72ea-be18-387eba0b0bb8-3108/investigate-1ed6191b089e9d327d16d5d4a654f773/candidate-2.attempt-1.response.md
e3b0c44298fc1c149afbf4c8996fb92427ae41e4649b934ca495991b7852b855	file	.pi/fusion/01a0213c-16f9-72ea-be18-387eba0b0bb8-3108/investigate-1ed6191b089e9d327d16d5d4a654f773/candidate-2.attempt-1.stderr.txt
692b74caef97ebb5008d55cb57defcc262a1e40e2a97052aae5217a20f42f39d	file	.pi/fusion/01a0213c-16f9-72ea-be18-387eba0b0bb8-3108/investigate-1ed6191b089e9d327d16d5d4a654f773/candidate-2.attempt-1.system-prompt.txt
276a3628a292eb939e0d9582def654a7b667a2e946f9deed9d8532ced8693029	file	.pi/fusion/01a0213c-16f9-72ea-be18-387eba0b0bb8-3108/investigate-1ed6191b089e9d327d16d5d4a654f773/candidate-2.attempt-1.tool-calls.jsonl
f08e9d916df90d72568a1f0cf14b661827e4e7108143d80fbac29af09e0bbf4e	file	.pi/fusion/01a0213c-16f9-72ea-be18-387eba0b0bb8-3108/investigate-1ed6191b089e9d327d16d5d4a654f773/candidate-2.attempt-1.tool-calls.jsonl.seal.json
fd36fc8a1c5c581eb7d92566ff153658ce62affcc36f8e8f7cd8b27714d1b452	file	.pi/fusion/01a0213c-16f9-72ea-be18-387eba0b0bb8-3108/investigate-1ed6191b089e9d327d16d5d4a654f773/candidate-3.attempt-1.events.jsonl
f0d205bdd7415e08519d9fd5060e14a5be1382a657f881a2eb51d56e868c79ab	file	.pi/fusion/01a0213c-16f9-72ea-be18-387eba0b0bb8-3108/investigate-1ed6191b089e9d327d16d5d4a654f773/candidate-3.attempt-1.prompt.txt
60e6739eafb8dc6d794257ce1e96cccb4b17534d54af64991d4552502084e1e1	file	.pi/fusion/01a0213c-16f9-72ea-be18-387eba0b0bb8-3108/investigate-1ed6191b089e9d327d16d5d4a654f773/candidate-3.attempt-1.response.md
e3b0c44298fc1c149afbf4c8996fb92427ae41e4649b934ca495991b7852b855	file	.pi/fusion/01a0213c-16f9-72ea-be18-387eba0b0bb8-3108/investigate-1ed6191b089e9d327d16d5d4a654f773/candidate-3.attempt-1.stderr.txt
692b74caef97ebb5008d55cb57defcc262a1e40e2a97052aae5217a20f42f39d	file	.pi/fusion/01a0213c-16f9-72ea-be18-387eba0b0bb8-3108/investigate-1ed6191b089e9d327d16d5d4a654f773/candidate-3.attempt-1.system-prompt.txt
dd49ae1ff617fb6995078c80355ab8a3d857c859baa3552f416dc789eea9653d	file	.pi/fusion/01a0213c-16f9-72ea-be18-387eba0b0bb8-3108/investigate-1ed6191b089e9d327d16d5d4a654f773/candidate-3.attempt-1.tool-calls.jsonl
01c483c7ab463ed406581740282e25717d4d2519c268bc6bc3dd420689eced43	file	.pi/fusion/01a0213c-16f9-72ea-be18-387eba0b0bb8-3108/investigate-1ed6191b089e9d327d16d5d4a654f773/candidate-3.attempt-1.tool-calls.jsonl.seal.json
f0d205bdd7415e08519d9fd5060e14a5be1382a657f881a2eb51d56e868c79ab	file	.pi/fusion/01a0213c-16f9-72ea-be18-387eba0b0bb8-3108/investigate-1ed6191b089e9d327d16d5d4a654f773/canonical-input.json
f6ef15afe1dee5d0c05597e0514cf3d59a83eea55045939a3a93f65c63236317	file	.pi/fusion/01a0213c-16f9-72ea-be18-387eba0b0bb8-3108/investigate-1ed6191b089e9d327d16d5d4a654f773/evaluation.attempt-1.events.jsonl
d136477cfdfd1090fb3a46b775dcb9d16202ca6b2ef64edbebff1fae1af767cf	file	.pi/fusion/01a0213c-16f9-72ea-be18-387eba0b0bb8-3108/investigate-1ed6191b089e9d327d16d5d4a654f773/evaluation.attempt-1.prompt.txt
426d07bf88feb78b632d4a1355a5910c93679a01b2225cb1278ce48af343e084	file	.pi/fusion/01a0213c-16f9-72ea-be18-387eba0b0bb8-3108/investigate-1ed6191b089e9d327d16d5d4a654f773/evaluation.attempt-1.response.txt
e3b0c44298fc1c149afbf4c8996fb92427ae41e4649b934ca495991b7852b855	file	.pi/fusion/01a0213c-16f9-72ea-be18-387eba0b0bb8-3108/investigate-1ed6191b089e9d327d16d5d4a654f773/evaluation.attempt-1.stderr.txt
a0316327a194effce5b0038914004e687c4c1c9d1af92adeca49b34c7c5c8e3c	file	.pi/fusion/01a0213c-16f9-72ea-be18-387eba0b0bb8-3108/investigate-1ed6191b089e9d327d16d5d4a654f773/evaluation.attempt-1.system-prompt.txt
e26f5f961f5f2606af91ca1948aa0d8539e6f4ef1b00c22dad0718b34b87915d	file	.pi/fusion/01a0213c-16f9-72ea-be18-387eba0b0bb8-3108/investigate-1ed6191b089e9d327d16d5d4a654f773/evaluation.json
8d7f84f2208a5e1baa4d1ad137530494d7c40bd925b0c89521a61d5239a88987	file	.pi/fusion/01a0213c-16f9-72ea-be18-387eba0b0bb8-3108/investigate-1ed6191b089e9d327d16d5d4a654f773/manifest.json
2621970f73d83e5b2b302c2781f24de570a22e60db58b70f4964142159f21b11	file	.pi/fusion/01a0213c-16f9-72ea-be18-387eba0b0bb8-3108/investigate-1ed6191b089e9d327d16d5d4a654f773/merge.attempt-1.events.jsonl
dc5184fa3d4d9f19b82f2c6fefaa2258a7ab381b1ba3fa4e3d73bbffe680990f	file	.pi/fusion/01a0213c-16f9-72ea-be18-387eba0b0bb8-3108/investigate-1ed6191b089e9d327d16d5d4a654f773/merge.attempt-1.prompt.txt
ab99dd90edcc8258d8857647fb3646d844ef1c6920917800e9164e80e12a1df3	file	.pi/fusion/01a0213c-16f9-72ea-be18-387eba0b0bb8-3108/investigate-1ed6191b089e9d327d16d5d4a654f773/merge.attempt-1.response.md
e3b0c44298fc1c149afbf4c8996fb92427ae41e4649b934ca495991b7852b855	file	.pi/fusion/01a0213c-16f9-72ea-be18-387eba0b0bb8-3108/investigate-1ed6191b089e9d327d16d5d4a654f773/merge.attempt-1.stderr.txt
d3bb1e5c0488db0dd463bfe7dc17e24b1e8f15e40c1d7dab3fbfe91000e80337	file	.pi/fusion/01a0213c-16f9-72ea-be18-387eba0b0bb8-3108/investigate-1ed6191b089e9d327d16d5d4a654f773/merge.attempt-1.system-prompt.txt
ab99dd90edcc8258d8857647fb3646d844ef1c6920917800e9164e80e12a1df3	file	.pi/fusion/01a0213c-16f9-72ea-be18-387eba0b0bb8-3108/investigate-1ed6191b089e9d327d16d5d4a654f773/merged.md
8e5b12486c3dfd2353776f1d49382f9b259d8794c38408bd4e999ab82efc7155	file	.pi/fusion/01a0213c-16f9-72ea-be18-387eba0b0bb8-3108/investigate-1ed6191b089e9d327d16d5d4a654f773/result.json
09d99de19eed13503d544e155642494cdee6da2a6e9f526ce42afad753d93e2e	file	AI-REPOSITORY-REDESIGN-AUTONOMOUS-HANDOVER.md
e0d1f2658c652c88c8638d8f4b7ff9a205c04c822a33d7f6baf19b8aaaa9ac88	file	AI-REPOSITORY-REDESIGN-AUTONOMOUS-PLAN.md
1b924643dca6d3cb07bb274289923f7767e29ed83878d2a06899e0cd5f90ef77	file	AI-REPOSITORY-REDESIGN-AUTONOMOUS-PROMPT.md
e2688fc52d615d3f720203f5f8417a4974464c8a328c0a20a3522a628725e27a	file	AI-REPOSITORY-REDESIGN-CONTINUATION-HANDOVER.md
fa8fd9f263d5199f36b41152b5e9d87768125bf3bd4880f542bfe34f8a6f38b6	file	AI-REPOSITORY-REDESIGN-ECOSYSTEM-USE-CASES.md
97583f24091fc5519e8f2d65be10dbfff6163d24cbe6cb4bee582c925137b546	file	AI-REPOSITORY-REDESIGN-FIRST-SOURCE-MOVE-PROMPT.md
5288dea99234ce9d2534514c6088d038d400233052953e11c4637ec797f496c1	file	AI-REPOSITORY-REDESIGN-HANDOVER.md
c2fb0b5e79a4ad96c3facb0e31bc1f3c325a306b75b219ebe49308d0a6af50b7	file	AI-REPOSITORY-REDESIGN-IMPLEMENTATION-PLAN.md
883710293268925a32002f993cee3e3683b851c42e1d1f3a6b98e9dec0c4080f	file	AI-REPOSITORY-REDESIGN-IMPLEMENTATION-PROMPT.md
fb589bbb470ae9c193caa98bceb4cd2262c775f1890f835a1c2afba002c963bf	file	AI-REPOSITORY-REDESIGN-NEXT-SESSION-HANDOVER.md
1557167f463b546a6c10b1bffe6f818ed1bc0330fcc546225f2e47c2b7852166	file	AI-REPOSITORY-REDESIGN-REEVALUATION-PROMPT.md
1787837a6c96c9c0deb16258be21d3821bf3896f15178431ac23707ff6848138	file	AI-REPOSITORY-REDESIGN-REEVALUATION.md
5c2870afc05528f897bf524ada345e077f565762cf01c6df87ce89bf90c27609	file	AI-REPOSITORY-REDESIGN-THIRD-PARTY-SKILLS-EVALUATION.md
4c99b605de94afacf09401cb6c696934580f3e220b9f7bafd00f2011498651ab	file	Documentation/index.md
62e5f8c6a7f2cf2ea12970c53eb694d38e710142a2010661b89d6708268dadf8	file	Documentation/phase-0-verification.md
3f8bed5178e48e7791a234b2dd140477b3ad3bff96ca7af06136abe14030963f	file	Documentation/project-context-bootstrap.md
58decde362a06a940317cd8e6a5d94c9a76cfa2ecd9b800562c34c94ede02ab4	file	Documentation/public-product-architecture.md
8a93c00dba361eceae2a5e1ef6e74df2c01af5f265be72d444014f8f9aa4bdaf	file	Documentation/redesign-foundation-validation.md
e27666d52770d6a40dd6c36c90bf957b477351c3c5c45fb00ce4df4a442ffd28	file	Documentation/skill-classification-audit.md
7c2e7f8c771e63039bbee46ab6b09ff3b7d019298a83b1b43616942e38ade80a	file	catalog/ecosystem-versions.json
044df96c147fb832f3b8802ef6c655858de7232d4da47a5126e54924e7843921	file	catalog/product-coverage.yml
4422658c5796092f91222400acce5bdabe3bcb128dfd0d7eb0df1ca8d8df99a6	file	catalog/public-skills.yml
86983fed64503f08600689188d67d0da3c443f03c579fb7550cfbe65fb9350c4	file	catalog/schemas/ecosystem-versions.schema.json
119fb2818e6c06745964504abd29e4499ce451a9043f3bc4ea91da719c7e6fb2	file	catalog/schemas/product-coverage.schema.json
f9b75d87be401ffedb809cac634bb752aac29a67247c74d3b1a5f2ea10744bdd	file	catalog/schemas/public-skills.schema.json
9378bbae03bc99424b23517fb0ea95b9f4e460ad89626fdd78fe8d60cb724b68	file	catalog/schemas/v2/catalog-v2.schema.json
c479652dded38145df899a31a15ed5fa8b15163a16a5e5748085069588ba40d8	file	catalog/v2/artifacts.json
81e6313c540da3fc07d83bade65a15111cd0f72cbc84b082b5c3ad328ceef8de	file	catalog/v2/evidence.json
1a7d6c3424e99759aa3840cbdc854b0f90f6076319300a1cb040ae2be5b04470	file	catalog/v2/migrations.json
48a8cc8a40e59b52ab7459a257292d891f128d848254493f9e0ce6f7933e2e92	file	catalog/v2/product-coverage.json
fdd8164a2279886a57bbcd64e5307c657d3c3085209282b067ec6f58a8c4ce65	file	catalog/v2/repository-inventory.json
ab04b95813403541ce1cd9bbf57d1a1b137ebbc74c7bb4f5fea2d61aa3102fb4	file	catalog/v2/sources.json
fd64d28558688bb730e8af4d9043462bf9c5a69ba9688a6f54b29af3f00603d9	file	catalog/v2/targets.json
12fc0bd2d756e3324ebf6ab707b0ec27e1a8452b8d905df32bffad56917ccf9d	file	tooling/catalog-v2-validation.mjs
0a8d7d458ed0e79e37c9117876e42670ab528b9c327f76acc59a472b562bc6bd	file	tooling/catalog-validation.mjs
8b2eb10dcced82ca8b988e6cec55252e1e9431a327d54b5c12f2fb213b0cd334	file	tooling/fixtures/project-context/application-canonical/.cratis/PROJECT.md
cb9200efb1cec7dde1950691d6c0a8b5ee3f4f4db9d38cd2f0a9630b95ea6475	file	tooling/fixtures/project-context/both/.agents/PROJECT.md
aba0062068c745602949f060e5fad5385215c0768f4ec40bc01ff0b04c7692a0	file	tooling/fixtures/project-context/both/.cratis/PROJECT.md
780542413a6cd2d7afdddcc13ac499c7ce0bbed493b5ebdb1c925f065b1e438b	file	tooling/fixtures/project-context/existing-bootstrap/.cratis/PROJECT.md
b389b367dcc249bc3cd136247ae7f51bd0a226ec47ad6c4b9095e9f8705b36aa	file	tooling/fixtures/project-context/existing-bootstrap/AGENTS.md
25423b6badb30d8d6e58ab0efd60a4e3fa1c6b47e6112087903bb2072c5b907d	file	tooling/fixtures/project-context/existing-bootstrap/CLAUDE.md
4181458394b40193043e2c14d084762319748c8d6ca1c0b94fe4c6240e15c87e	file	tooling/fixtures/project-context/existing-bootstrap/GEMINI.md
1ceebd7645dcf3edb870747001077f92c57ab547d5b405b7c499743aca3b6c0f	file	tooling/fixtures/project-context/framework-legacy/.agents/PROJECT.md
4677dae263ef005af2904e627dffe04271afe2d324287a64cdeabbcf7c1fc6d5	file	tooling/fixtures/project-context/no-context/.keep
1a1993479c94675071f8c9c4b55bb661b0936ed1f367603e7c6c30b338541687	file	tooling/fixtures/public-artifact/engineering-discovery/engineering/skills/cratis-engineering-example/SKILL.md
91062c99a13a9ae1cf4097be14c33b031b6b6944c79388753c6ddb0e98339d63	file	tooling/fixtures/public-artifact/valid-source/skills/cratis-example/LICENSE
53d2558526ac9e045d678c8474a990113a47dbc829aaf5cf1e9c5fa2e5e707ea	file	tooling/fixtures/public-artifact/valid-source/skills/cratis-example/SKILL.md
55b477cd965ea5b7591cfd935e3a859175b65b28a71fda708bdb52d8e4efc46b	file	tooling/fixtures/public-artifact/valid-source/skills/cratis-example/assets/example.txt
e239fea6f77cca9286f70ce18a9f4e84849b9dd7c2e74ecf27314f8167b40864	file	tooling/fixtures/public-artifact/valid-source/skills/cratis-example/references/guide.md
f6646ed7d6c135f4fdf079dbd8d965f264aa0dfb8e2993d7f10d5b26433d68dc	file	tooling/generate-catalog-v2.mjs
f5d2dd9c7f758e1d1da7838471df73253c9aa3c8c407650f68dd51cd456527d8	file	tooling/generate-repository-inventory.mjs
392780fb9bee471ebbce93117c1ee3357db9e09106db93df3b7e99eec1237af3	file	tooling/project-context-bootstrap.mjs
26497f74d46b987409840e906cf8123ba00ede59bcbeaacb3e07b4fe7c7df1e1	file	tooling/public-artifact-materializer.mjs
3158d36e52641b7f0357bc6f4efee0b011aa494c0d151ff47b66c9cc285d475f	file	tooling/specs/catalog-v2-validation.spec.mjs
6e3d9bbf7bba60d7bc6375bce85c5bf13cab8fd6f3972d376c9f44da76f7173d	file	tooling/specs/catalog-validation.spec.mjs
02885e17e35dd8ede88108fda466d005edb0024b1c399e21a52d00eaa6626058	file	tooling/specs/project-context-bootstrap.spec.mjs
7908e8df07eed302907d371cdcb6a00d2cab5a153f2aa0bd3670973a9c7e56bb	file	tooling/specs/public-artifact-materializer.spec.mjs
d95bb24fc4aa36469b355f08e0dd6d966fd80e444437438f361d03538dc4d061	file	tooling/validate-catalogs.mjs
